model,sequence
vanilla,stanke
vanilla,appes
vanilla,nottander
vanilla,groc
vanilla,thisk
vanilla,theyoulthe
vanilla,ey
vanilla,puffinares
vanilla,dailming
vanilla,fouggems
vanilla,coustry
vanilla,thatimerin
vanilla,speaseme
vanilla,antall
vanilla,iny
vanilla,che
vanilla,adis
vanilla,eur
vanilla,mou
vanilla,lighte
vanilla,handown
vanilla,almois
vanilla,wormighat
vanilla,thaveherecally
vanilla,befe
vanilla,viout
vanilla,anot
vanilla,postingent
vanilla,estorest
vanilla,intaradeouland
vanilla,agen
vanilla,iterwake
vanilla,lidentereards
vanilla,whicamought
vanilla,oxionsad
vanilla,myst
vanilla,tham
vanilla,promed
vanilla,bew
vanilla,intobe
vanilla,insiond
vanilla,welle
vanilla,mitericam
vanilla,ble
vanilla,jah
vanilla,thretatualat
vanilla,whoned
vanilla,hisheld
vanilla,cron
vanilla,aff
vanilla,tained
vanilla,fingester
vanilla,everishen
vanilla,fliket
vanilla,thouner
vanilla,thoorthe
vanilla,theagentan
vanilla,thaticeiva
vanilla,sem
vanilla,rachad
vanilla,fearand
vanilla,intow
vanilla,offunt
vanilla,maincery
vanilla,ithean
vanilla,afenal
vanilla,flou
vanilla,scurt
vanilla,buted
vanilla,frien
vanilla,fich
vanilla,arnal
vanilla,thabey
vanilla,chiptigh
vanilla,boug
vanilla,frox
vanilla,worecandessat
vanilla,ceme
vanilla,yonatup
vanilla,upiek
vanilla,soccur
vanilla,ardese
vanilla,degredick
vanilla,feeme
vanilla,brumpled
vanilla,whe
vanilla,pell
vanilla,crom
vanilla,inating
vanilla,the
vanilla,ord
vanilla,unne
vanilla,frompe
vanilla,cout
vanilla,uptip
vanilla,fernie
vanilla,wre
vanilla,ved
vanilla,wilen
vanilla,proareato
vanilla,yealeasicand
vanilla,bety
vanilla,sufferid
vanilla,;
vanilla,ifit
vanilla,akink
vanilla,scourstrink
vanilla,whow
vanilla,propention
vanilla,tininne
vanilla,dambeen
vanilla,ment
vanilla,somay
vanilla,univeret
vanilla,hicher
vanilla,beger
vanilla,andeat
vanilla,giringthised
vanilla,frompecre
vanilla,nover
vanilla,notheraventicullead
vanilla,wased
vanilla,hadegir
vanilla,ance
vanilla,vince
vanilla,blaccum
vanilla,brold
vanilla,thatenexpled
vanilla,thearm
vanilla,triagot
vanilla,ot
vanilla,twoung
vanilla,earp
vanilla,lieurs
vanilla,thre
vanilla,ationly
vanilla,ingstables
vanilla,comillems
vanilla,uturbe
vanilla,magoo
vanilla,thateld
vanilla,haily
vanilla,disly
vanilla,sucke
vanilla,alch
vanilla,dinten
vanilla,impnestake
vanilla,louddis
vanilla,swaliethaps
vanilla,:
vanilla,ation
vanilla,ing
vanilla,ent
vanilla,smages
vanilla,exper
vanilla,dupoptur
vanilla,thadeeme
vanilla,suffew
vanilla,melisk
vanilla,risint
vanilla,smated
vanilla,elubble
vanilla,theave
vanilla,mout
vanilla,crailiken
vanilla,foungto
vanilla,ith
vanilla,whiste
vanilla,theng
vanilla,wrogn
vanilla,haticips
vanilla,gle
vanilla,althe
vanilla,daysem
vanilla,acent
vanilla,sond
vanilla,ininglont
vanilla,''
vanilla,beir
vanilla,ifear
vanilla,ind
vanilla,und
vanilla,wores
vanilla,buit
vanilla,bourstelifullovery
vanilla,sposto
vanilla,afroot
vanilla,poustre
vanilla,thespenitenthe
vanilla,cithen
vanilla,wite
vanilla,gaimang
vanilla,dizon
vanilla,beft
vanilla,whou
vanilla,ditherstry
vanilla,proveretir
vanilla,extrest
vanilla,willy
vanilla,moneseal
vanilla,summeave
vanilla,sainconest
vanilla,syst
vanilla,muld
vanilla,per
vanilla,murseells
vanilla,troseastake
vanilla,somy
vanilla,kneamones
vanilla,crut
vanilla,ecith
vanilla,isions
vanilla,durbitit
vanilla,trayssuchom
vanilla,expecomene
vanilla,reat
vanilla,pidern
vanilla,invisompad
vanilla,hous
vanilla,lience
vanilla,bort
vanilla,throusassionsand
vanilla,hout
vanilla,thoperit
vanilla,vild
vanilla,artly
vanilla,froverous
vanilla,imits
vanilla,goir
vanilla,frompecouddeariarmilecoulted
vanilla,sposummoreve
vanilla,pich
vanilla,bon
vanilla,sout
vanilla,thounce
vanilla,porrif
vanilla,prompent
vanilla,nowfulted
vanilla,bootteatifis
vanilla,feeks
vanilla,huttes
vanilla,musto
vanilla,sudimestakilenta
vanilla,hopecters
vanilla,campatteryphy
vanilla,ons
vanilla,rechmers
vanilla,plancepably
vanilla,camed
vanilla,mys
vanilla,pingetainintery
vanilla,godeaso
vanilla,butong
vanilla,inalf
vanilla,agueb
vanilla,mur
vanilla,sau
vanilla,frop
vanilla,'ly
vanilla,cationly
vanilla,sailaits
vanilla,mearbes
vanilla,waread
vanilla,wil
vanilla,appre
vanilla,thaded
vanilla,therminds
vanilla,ity
vanilla,that
vanilla,goider
vanilla,orknoistudge
vanilla,dar
vanilla,halin
vanilla,theare
vanilla,factiody
vanilla,amessen
vanilla,musight
vanilla,inkse
vanilla,soll
vanilla,therly
vanilla,andeso
vanilla,himall
vanilla,featerseto
vanilla,afterst
vanilla,sheyed
vanilla,whan
vanilla,ock
vanilla,ithand
vanilla,linto
vanilla,succanion
vanilla,samind
vanilla,warrembary
vanilla,beemeath
vanilla,ned
vanilla,upoloom
vanilla,pand
vanilla,faremen
vanilla,whorearcuse
vanilla,ast
vanilla,chers
vanilla,whichilded
vanilla,fecte
vanilla,suceng
vanilla,marte
vanilla,thist
vanilla,uput
vanilla,sayesso
vanilla,lowescoment
vanilla,this
vanilla,ung
vanilla,whiloond
vanilla,ow
vanilla,priew
vanilla,persers
vanilla,ame
vanilla,yelwas
vanilla,los
vanilla,trouland
vanilla,famend
vanilla,grat
vanilla,noom
vanilla,millast
vanilla,thinciphy
vanilla,consur
vanilla,gruged
vanilla,stessacted
vanilla,pur
vanilla,thatea
vanilla,theaknoureverver
vanilla,redgerand
vanilla,objecten
vanilla,dien
vanilla,ments
vanilla,aborneretark
vanilla,swovey
vanilla,ande
vanilla,istles
vanilla,buthunit
vanilla,andingend
vanilla,teleged
vanilla,ancerfrom
vanilla,muselloyin
vanilla,vathe
vanilla,witast
vanilla,arteme
vanilla,frine
vanilla,thartim
vanilla,linge
vanilla,somal
vanilla,ning
vanilla,lon
vanilla,bugh
vanilla,thersenjoyagre
vanilla,haution
vanilla,wents
vanilla,camrs
vanilla,ocks
vanilla,priveriall
vanilla,rearre
vanilla,syme
vanilla,ral
vanilla,magan
vanilla,ought
vanilla,blesse
vanilla,gened
vanilla,terety
vanilla,inged
vanilla,hed
vanilla,hicinfusionot
vanilla,jus
vanilla,ye
vanilla,migh
vanilla,belige
vanilla,inselegroremeneturn
vanilla,tond
vanilla,anderve
vanilla,lixts
vanilla,ract
vanilla,samosed
vanilla,haloness
vanilla,alook
vanilla,elon
vanilla,strabay
vanilla,aninvound
vanilla,reepted
vanilla,ould
vanilla,thichave
vanilla,constrabbse
vanilla,whadong
vanilla,spentake
vanilla,forous
vanilla,spers
vanilla,sory
vanilla,mespondy
vanilla,thein
vanilla,duche
vanilla,monerflopeste
vanilla,hich
vanilla,cife
vanilla,thours
vanilla,trusuch
vanilla,therissis
vanilla,muce
vanilla,gou
vanilla,tonsping
vanilla,serrevisaying
vanilla,anigh
vanilla,parder
vanilla,mosquireweedien
vanilla,whoure
vanilla,hicatione
vanilla,coozurs
vanilla,whichich
vanilla,drits
vanilla,fle
vanilla,morness
vanilla,bre
vanilla,appieve
vanilla,wittle
vanilla,vello
vanilla,birestrich
vanilla,wincomplin
vanilla,theamp
vanilla,mighbor
vanilla,jusiting
vanilla,wandego
vanilla,hation
vanilla,attle
vanilla,docklir
vanilla,poin
vanilla,iread
vanilla,ria
vanilla,inly
vanilla,abid
vanilla,gon
vanilla,eanding
vanilla,shadnigning
vanilla,youghtly
vanilla,aneforrove
vanilla,if
vanilla,homand
vanilla,knothe
vanilla,frep
vanilla,loweed
vanilla,gragreiver
vanilla,periontershourept
vanilla,pris
vanilla,'glan
vanilla,everwithe
vanilla,itin
vanilla,posidection
vanilla,garemon
vanilla,sters
vanilla,antiong
vanilla,thabowes
vanilla,hushicat
vanilla,barly
vanilla,uponewan
vanilla,voll
vanilla,zelve
vanilla,plart
vanilla,yought
vanilla,unexpearty
vanilla,winctoody
vanilla,enting
vanilla,lont
vanilla,cibled
vanilla,ressid
vanilla,onever
vanilla,wasmaked
vanilla,faccong
vanilla,yould
vanilla,curinfulto
vanilla,oreave
vanilla,his
vanilla,derearme
vanilla,remetwin
vanilla,nalme
vanilla,destainnet
vanilla,wasty
vanilla,aticke
vanilla,atic
vanilla,ithimeniond
vanilla,foraing
vanilla,lagazy
vanilla,swes
vanilla,cievermaccor
vanilla,risfaras
vanilla,deckne
vanilla,togno
vanilla,highatand
vanilla,docireelay
vanilla,maind
vanilla,ither
vanilla,anin
vanilla,her
vanilla,ningred
vanilla,theit
vanilla,yere
vanilla,joinficiabod
vanilla,lor
vanilla,gue
vanilla,than
vanilla,yousterstfor
vanilla,she
vanilla,doet
vanilla,'n't
vanilla,ary
vanilla,wers
vanilla,astions
vanilla,ouprovered
vanilla,fent
vanilla,your
vanilla,pette
vanilla,youghts
vanilla,hor
vanilla,frould
vanilla,shroperve
vanilla,whopear
vanilla,beentrablebaceight
vanilla,nity
vanilla,paseopicat
vanilla,hou
vanilla,yehilmeak
vanilla,coresch
vanilla,eare
vanilla,deng
vanilla,froathe
vanilla,afte
vanilla,weremeraves
vanilla,stilse
vanilla,thiche
vanilla,insup
vanilla,fuld
vanilla,pring
vanilla,lak
vanilla,aintionat
vanilla,woulf
vanilla,hescot
vanilla,oved
vanilla,thic
vanilla,cein
vanilla,st
vanilla,cleass
vanilla,coursphathe
vanilla,shings
vanilla,pelto
vanilla,ve
vanilla,yeare
vanilla,withatiffeland
vanilla,beced
vanilla,tragiva
vanilla,you
vanilla,theldin
vanilla,thris
vanilla,ainge
vanilla,thes
vanilla,majeclut
vanilla,conighty
vanilla,goond
vanilla,cathat
vanilla,withend
vanilla,isce
vanilla,ther
vanilla,san
vanilla,hemoreauthe
vanilla,daywhouthers
vanilla,lur
vanilla,gratainincelit
vanilla,eards
vanilla,salonvery
vanilla,lignateretiontic
vanilla,thatere
vanilla,moutuch
vanilla,wought
vanilla,reems
vanilla,hath
vanilla,nothe
vanilla,lirep
vanilla,paing
vanilla,ged
vanilla,pentris
vanilla,anniumblet
vanilla,thads
vanilla,watter
vanilla,rummought
vanilla,andy
vanilla,spinues
vanilla,ifeethe
vanilla,witairs
vanilla,cuty
vanilla,ithed
vanilla,betilled
vanilla,racensiderd
vanilla,thisceir
vanilla,befrower
vanilla,cumad
vanilla,himal
vanilla,thestricheially
vanilla,couggland
vanilla,ginut
vanilla,siognall
vanilla,``
vanilla,froat
vanilla,ah
vanilla,sures
vanilla,dre
vanilla,holux
vanilla,'ome
vanilla,exceep
vanilla,frun
vanilla,'tharazzy
vanilla,thert
vanilla,oughthilty
vanilla,whic
vanilla,inglithe
vanilla,thignargrehe
vanilla,thatingtheyes
vanilla,hisir
vanilla,gaintibland
vanilla,coulderwas
vanilla,wifty
vanilla,guen
vanilla,dispen
vanilla,rearrew
vanilla,from
vanilla,saderablant
vanilla,cond
vanilla,aguarges
vanilla,cals
vanilla,opersert
vanilla,dusubjectishat
vanilla,lenothers
vanilla,ency
vanilla,adren
vanilla,ficapproresten
vanilla,rounday
vanilla,hinind
vanilla,inglibbiz
vanilla,eragoome
vanilla,curvasione
vanilla,seld
vanilla,spandestakin
vanilla,terim
vanilla,comeme
vanilla,theing
vanilla,combrimed
vanilla,ack
vanilla,youdeshelictib
vanilla,oforld
vanilla,warld
vanilla,hisarinor
vanilla,norwardy
vanilla,sellontly
vanilla,thertim
vanilla,abough
vanilla,istern
vanilla,beit
vanilla,sounk
vanilla,oing
vanilla,camerights
vanilla,thating
vanilla,thee
vanilla,batim
vanilla,jought
vanilla,bere
vanilla,ger
vanilla,surece
vanilla,moich
vanilla,momazz
vanilla,ordis
vanilla,whand
vanilla,formy
vanilla,thess
vanilla,uppecall
vanilla,disless
vanilla,lach
vanilla,briveget
vanilla,aftely
vanilla,strainablianded
vanilla,rold
vanilla,morst
vanilla,imil
vanilla,tong
vanilla,alth
vanilla,to
vanilla,nich
vanilla,dreed
vanilla,anithe
vanilla,beizabriusly
vanilla,brom
vanilla,maguiretter
vanilla,they
vanilla,thentown
vanilla,framandoutt
vanilla,thichat
vanilla,andentmargave
vanilla,eak
vanilla,wercurn
vanilla,thavergatily
vanilla,tilet
vanilla,ond
vanilla,whery
vanilla,foreent
vanilla,quithe
vanilla,esibearight
vanilla,blaken
vanilla,wastran
vanilla,thopea
vanilla,ine
vanilla,fait
vanilla,com
vanilla,gor
vanilla,angrand
vanilla,laregrach
vanilla,sained
vanilla,yethe
vanilla,ony
vanilla,suddect
vanilla,thariviold
vanilla,poo
vanilla,slude
vanilla,thust
vanilla,undont
vanilla,alguilsone
vanilla,nalls
vanilla,saind
vanilla,pers
vanilla,emad
vanilla,abot
vanilla,coment
vanilla,uple
vanilla,dithemor
vanilla,fainight
vanilla,coverwour
vanilla,crues
vanilla,onefortan
vanilla,haton
vanilla,thend
vanilla,ext
vanilla,itermy
vanilla,bodde
vanilla,witly
vanilla,woulove
vanilla,properrim
vanilla,dersentrelinge
vanilla,comple
vanilla,wate
vanilla,oname
vanilla,dout
vanilla,heyessibly
vanilla,dow
vanilla,opently
vanilla,mented
vanilla,hameakingle
vanilla,weres
vanilla,weires
vanilla,wou
vanilla,powe
vanilla,livere
vanilla,rept
vanilla,nou
vanilla,reve
vanilla,lovaused
vanilla,scruchfouldit
vanilla,beaspily
vanilla,whisoon
vanilla,thown
vanilla,peridde
vanilla,ineavoth
vanilla,gersolate
vanilla,buthad
vanilla,hinto
vanilla,nescow
vanilla,propertione
vanilla,alatty
vanilla,wo
vanilla,ard
vanilla,ontir
vanilla,onsetter
vanilla,breackclaws
vanilla,rof
vanilla,peertmoushe
vanilla,noth
vanilla,unt
vanilla,possuchilivesessice
vanilla,ped
vanilla,foode
vanilla,weentanobotiout
vanilla,papeetance
vanilla,yourappeld
vanilla,roked
vanilla,youghtelf
vanilla,sored
vanilla,youlth
vanilla,fantestain
vanilla,foon
vanilla,dishot
vanilla,evente
vanilla,noung
vanilla,derver
vanilla,argereen
vanilla,forwas
vanilla,vinsur
vanilla,onveripperch
vanilla,glosmayst
vanilla,nothat
vanilla,n't
vanilla,whimersesery
vanilla,sprepere
vanilla,pectingrantele
vanilla,bracturried
vanilla,thand
vanilla,expeateressudderappichavoin
vanilla,attelf
vanilla,pressionchareed
vanilla,mintlet
vanilla,formad
vanilla,itte
vanilla,ands
vanilla,alles
vanilla,spis
vanilla,menseemend
vanilla,afen
vanilla,bact
vanilla,hoaterd
vanilla,whound
vanilla,nown
vanilla,fres
vanilla,facred
vanilla,aftented
vanilla,andubjectived
vanilla,whipow
vanilla,fifte
vanilla,hey
vanilla,iterhatiolled
vanilla,liquall
vanilla,hiciews
vanilla,nalin
vanilla,fieve
vanilla,upose
vanilla,inot
vanilla,readly
vanilla,dord
vanilla,shou
vanilla,thers
vanilla,mispir
vanilla,gly
vanilla,atenst
vanilla,pon
vanilla,beephe
vanilla,gacips
vanilla,diat
vanilla,cand
vanilla,revic
vanilla,nin
vanilla,therproughtfutuoureems
vanilla,trals
vanilla,otion
vanilla,anditch
vanilla,frong
vanilla,ch
vanilla,gress
vanilla,whad
vanilla,nor
vanilla,anits
vanilla,forthentabot
vanilla,wortioncy
vanilla,dideveriestow
vanilla,wer
vanilla,pancest
vanilla,fand
vanilla,harthelen
vanilla,exhips
vanilla,notime
vanilla,fregromy
vanilla,cle
vanilla,ely
vanilla,poic
vanilla,apenvulask
vanilla,dreeme
vanilla,int
vanilla,brencor
vanilla,hiniatent
vanilla,ims
vanilla,thereaccame
vanilla,palovently
vanilla,forringur
vanilla,oure
vanilla,onspire
vanilla,unknowanque
vanilla,liginvits
vanilla,ser
vanilla,irsead
vanilla,anat
vanilla,ouregile
vanilla,hadis
vanilla,clifilegaboostat
vanilla,querriess
vanilla,wor
vanilla,madd
vanilla,lecte
vanilla,valrews
vanilla,sposent
vanilla,butich
vanilla,fectakincellarithave
vanilla,remockingess
vanilla,tud
vanilla,thery
vanilla,wory
vanilla,daysee
vanilla,ithent
vanilla,tionts
vanilla,intere
vanilla,atioutedo
vanilla,magover
vanilla,usleat
vanilla,antmor
vanilla,sed
vanilla,inerehost
vanilla,eved
vanilla,yough
vanilla,pre
vanilla,tharn
vanilla,standmend
vanilla,loult
vanilla,whis
vanilla,testred
vanilla,alivereame
vanilla,thfus
vanilla,rele
vanilla,sprelly
vanilla,vabs
vanilla,whersickly
vanilla,mabods
vanilla,grive
vanilla,happarne
vanilla,rell
vanilla,sicaugholace
vanilla,hors
vanilla,bently
vanilla,cre
vanilla,antured
vanilla,uncer
vanilla,agension
vanilla,reposse
vanilla,ven
vanilla,pubt
vanilla,thal
vanilla,ider
vanilla,hucie
vanilla,hatur
vanilla,upon
vanilla,thoed
vanilla,gling
vanilla,vad
vanilla,we
vanilla,onisenotiatencears
vanilla,wassaysenean
vanilla,yage
vanilla,reandken
vanilla,which
vanilla,mae
vanilla,trithe
vanilla,fland
vanilla,hany
vanilla,'d
vanilla,glefor
vanilla,for
vanilla,wity
vanilla,'
vanilla,cont
vanilla,ader
vanilla,ollivernowe
vanilla,hencon
vanilla,hispe
vanilla,thinkno
vanilla,siturs
vanilla,mand
vanilla,thoods
vanilla,thould
vanilla,evercithich
vanilla,larst
vanilla,woory
vanilla,and
vanilla,butere
vanilla,wasimay
vanilla,enox
vanilla,len
vanilla,ithat
vanilla,ivaing
vanilla,butended
vanilla,andow
vanilla,indere
vanilla,maing
vanilla,becrieftemand
vanilla,scrato
vanilla,ofing
vanilla,oll
vanilla,marthe
vanilla,thed
vanilla,hads
vanilla,itsivioulcome
vanilla,yest
vanilla,hathence
vanilla,remattrien
vanilla,fach
vanilla,hatin
vanilla,indemake
vanilla,ouresece
vanilla,whoged
vanilla,im
vanilla,buter
vanilla,bouthere
vanilla,cor
vanilla,yout
vanilla,thathe
vanilla,gaildres
vanilla,agunot
vanilla,spon
vanilla,fithommorturibeem
vanilla,whican
vanilla,what
vanilla,afertiver
vanilla,beend
vanilla,ancearmitchim
vanilla,suppirequellegight
vanilla,areple
vanilla,calift
vanilla,dithe
vanilla,mosecrene
vanilla,sud
vanilla,pearightme
vanilla,waskitte
vanilla,'s
vanilla,susiblamorethead
vanilla,discogglip
vanilla,foreadver
vanilla,ancir
vanilla,foultly
vanilla,carendualled
vanilla,prithencle
vanilla,theameadower
vanilla,irdom
vanilla,sh
vanilla,doesely
vanilla,theat
vanilla,bizardist
vanilla,becelf
vanilla,vreas
vanilla,thad
vanilla,exhien
vanilla,innivids
vanilla,rin
vanilla,camillighouravoloo
vanilla,therect
vanilla,amed
vanilla,atencts
vanilla,derdis
vanilla,stiam
vanilla,sher
vanilla,amigy
vanilla,hilid
vanilla,ke
vanilla,therst
vanilla,seenjoy
vanilla,buttent
vanilla,faing
vanilla,quis
vanilla,shabod
vanilla,aneandent
vanilla,beeprifives
vanilla,upow
vanilla,thostimps
vanilla,druldre
vanilla,alta
vanilla,thadinedged
vanilla,migniard
vanilla,deartemito
vanilla,procced
vanilla,truchopecancing
vanilla,skil
vanilla,fre
vanilla,lippose
vanilla,comention
vanilla,sumstreetionswoung
vanilla,grem
vanilla,membe
vanilla,theyoudings
vanilla,shart
vanilla,ste
vanilla,parectenmency
vanilla,achave
vanilla,oned
vanilla,haduress
vanilla,sto
vanilla,wout
vanilla,suffind
vanilla,monly
vanilla,oupow
vanilla,ittimpok
vanilla,expecoccon
vanilla,houning
vanilla,mase
vanilla,obeen
vanilla,arigurb
vanilla,nobbars
vanilla,awit
vanilla,waympong
vanilla,accurred
vanilla,agual
vanilla,qual
vanilla,chistus
vanilla,fron
vanilla,gorne
vanilla,forsend
vanilla,upeopuld
vanilla,carticas
vanilla,acks
vanilla,ner
vanilla,frof
vanilla,seng
vanilla,hinger
vanilla,muchouty
vanilla,taidepich
vanilla,eand
vanilla,pulonartmettedidd
vanilla,unly
vanilla,inis
vanilla,improphoull
vanilla,brevin
vanilla,taind
vanilla,wery
vanilla,drom
vanilla,ous
vanilla,mazzled
vanilla,tal
vanilla,shumberther
vanilla,succe
vanilla,yound
vanilla,shordley
vanilla,taines
vanilla,oreget
vanilla,thearster
vanilla,nobale
vanilla,of
vanilla,inall
vanilla,aftepost
vanilla,abox
vanilla,biligh
vanilla,sne
vanilla,athiddess
vanilla,ong
vanilla,stsed
vanilla,oling
vanilla,dify
vanilla,deadint
vanilla,cratental
vanilla,andieflethimor
vanilla,our
vanilla,havaderibleceemple
vanilla,aspillenown
vanilla,iffecroones
vanilla,hein
vanilla,mandistrion
vanilla,yeat
vanilla,baymot
vanilla,ence
vanilla,ciew
vanilla,wried
vanilla,inknot
vanilla,cal
vanilla,inforthartentalosibly
vanilla,parlach
vanilla,hadman
vanilla,trand
vanilla,caugs
vanilla,whown
vanilla,makedin
vanilla,fropeas
vanilla,hisgrost
vanilla,hime
vanilla,oneed
vanilla,stimentine
vanilla,orrit
vanilla,paue
vanilla,onshme
vanilla,mal
vanilla,epen
vanilla,pathernery
vanilla,crand
vanilla,por
vanilla,anand
vanilla,subtally
vanilla,hady
vanilla,shoreves
vanilla,thancy
vanilla,combeethe
vanilla,poicieningurked
vanilla,crinat
vanilla,fordle
vanilla,oatic
vanilla,sheme
vanilla,exprow
vanilla,blivigh
vanilla,theake
vanilla,preat
vanilla,sperew
vanilla,with
vanilla,poodep
vanilla,entale
vanilla,theiny
vanilla,nefung
vanilla,caughted
vanilla,thead
vanilla,abland
vanilla,whostin
vanilla,aw
vanilla,hempery
vanilla,uponst
vanilla,yessels
vanilla,berid
vanilla,usidiumad
vanilla,ageser
vanilla,ithe
vanilla,puldeoureplas
vanilla,beetted
vanilla,sagusney
vanilla,theranced
vanilla,ory
vanilla,ittem
vanilla,bearseithe
vanilla,oced
vanilla,awas
vanilla,pontilin
vanilla,thomphad
vanilla,ciout
vanilla,expecteliff
vanilla,gazzed
vanilla,andiand
vanilla,courina
vanilla,notioun
vanilla,que
vanilla,hessingle
vanilla,gences
vanilla,whire
vanilla,gilload
vanilla,pord
vanilla,my
vanilla,whicusearsespectillut
vanilla,byse
vanilla,solemome
vanilla,ablind
vanilla,witimall
vanilla,agention
vanilla,memblown
vanilla,woutioned
vanilla,seet
vanilla,thele
vanilla,supold
vanilla,miried
vanilla,ty
vanilla,obt
vanilla,souratigirly
vanilla,bruffel
vanilla,ple
vanilla,fornscoringly
vanilla,nom
vanilla,bratmom
vanilla,wayet
vanilla,dreabrom
vanilla,huremorm
vanilla,huse
vanilla,rened
vanilla,stly
vanilla,wiling
vanilla,bect
vanilla,thavotwoungley
vanilla,feverege
vanilla,comiand
vanilla,ited
vanilla,fors
vanilla,nat
vanilla,vill
vanilla,whousescifect
vanilla,blifich
vanilla,bil
vanilla,toget
vanilla,proul
vanilla,oritly
vanilla,crepagared
vanilla,hatatiost
vanilla,haing
vanilla,their
vanilla,fichavennsiddelern
vanilla,agarde
vanilla,thimme
vanilla,hise
vanilla,hoserst
vanilla,upoird
vanilla,sair
vanilla,empt
vanilla,sund
vanilla,mands
vanilla,earmea
vanilla,jusencides
vanilla,reartice
vanilla,appearot
vanilla,rawly
vanilla,shea
vanilla,pircurinuty
vanilla,ific
vanilla,iscuty
vanilla,wheed
vanilla,mor
vanilla,bento
vanilla,tha
vanilla,anymoneetang
vanilla,thester
vanilla,hisercurs
vanilla,mous
vanilla,deouted
vanilla,dria
vanilla,ishe
vanilla,tweiver
vanilla,thadmatere
vanilla,worech
vanilla,printiourly
vanilla,fromphe
vanilla,aciessible
vanilla,haidwaybe
vanilla,zat
neural,anfus
neural,"al,"
neural,woesed
neural,cor
neural,extionimn
neural,atpt.
neural,ye
neural,tald.
neural,seeto
neural,constled
neural,"occards,"
neural,shus
neural,vion
neural,theyed
neural,they
neural,"yoult."""
neural,werisperes
neural,goin
neural,ther.
neural,hioncon
neural,thlor
neural,fachawclegat
neural,ey
neural,asupoke
neural,"re,"
neural,impon
neural,"nueem,"
neural,jupoineal
neural,amingly
neural,winight
neural,remised
neural,crall;
neural,bilneme
neural,uleme
neural,thmon
neural,"sindess,"
neural,froserius;
neural,iny
neural,che
neural,ond
neural,busyrould
neural,amight
neural,eyicitten
neural,honeell
neural,ereact
neural,thear
neural,ap.
neural,pagen
neural,esself
neural,oughts;
neural,a.
neural,com
neural,ergorce
neural,happiced
neural,heavedeamet
neural,moultery
neural,"rou,"
neural,hatinato
neural,uporbutgry
neural,"ung,"
neural,wat
neural,"gatat,"
neural,hich
neural,shoself
neural,hosten
neural,"oul,"
neural,jeculd
neural,hudy
neural,"utivery,"
neural,oleathen
neural,forne
neural,welf
neural,thad
neural,mabst
neural,"wity,"
neural,orty
neural,"me,"
neural,susevelipwasmill
neural,clusingint
neural,whaven
neural,ithime
neural,thu
neural,will.
neural,gring
neural,lizely
neural,yoursphated
neural,ceagain
neural,"smoacupoidess,"
neural,comante
neural,diantairigniallvely
neural,vadrecto
neural,butterim
neural,vand
neural,scit
neural,aff
neural,nosso
neural,beingen
neural,concie
neural,comeen
neural,itace;
neural,youp
neural,smad
neural,hounde
neural,prould
neural,thromand
neural,ito
neural,"brins,"
neural,brou
neural,pernewas
neural,isfortiver
neural,"nible,"
neural,"solion."""
neural,hancenstrad
neural,tord
neural,dithestruis
neural,"vress,"
neural,rethe
neural,atteran
neural,mords
neural,stin
neural,spoed
neural,fore.
neural,puzzlest
neural,have.
neural,tager
neural,rogater
neural,thatiof
neural,couldn'
neural,au.
neural,"younwelife,"
neural,specon
neural,thalteneark
neural,kno
neural,naw
neural,scres
neural,dre.
neural,gorthely
neural,exty
neural,havers
neural,dow
neural,younionctre;
neural,inly
neural,morrizadjest
neural,did;
neural,hencrescove
neural,ife
neural,arbleond
neural,ativinut
neural,bou
neural,"anit,"
neural,"""off"
neural,druct
neural,"tworis,"
neural,twor
neural,"enswer,"
neural,sple
neural,vany
neural,whe
neural,mittemstinigaird
neural,ad;
neural,lated
neural,the
neural,spois
neural,meterived
neural,"imseed,"
neural,havereationeventhauskals;
neural,cout
neural,an.
neural,magnot
neural,prooke
neural,cand.
neural,upt
neural,hekle
neural,ved
neural,unfleate
neural,daying
neural,havestrof
neural,whorew
neural,fewerate
neural,"embeens,"
neural,thegary
neural,hopirly
neural,thades
neural,vin
neural,objecas
neural,itergetinal
neural,novened
neural,alks
neural,agning?
neural,ise
neural,cous
neural,thaze
neural,bodvat
neural,frovents
neural,beince.
neural,licescen
neural,"clon,"
neural,hessaing
neural,askinarce
neural,aven
neural,"ight,"
neural,grefuld
neural,hisat
neural,ment
neural,exisat
neural,stagius
neural,tharl
neural,thatterve
neural,"ch,"
neural,"wance,"
neural,andeveree
neural,sinkin
neural,thettereened
neural,k.
neural,impre
neural,amas
neural,spappecre
neural,"eye,"
neural,jood
neural,demprievelf
neural,why.
neural,fidresixty
neural,thillards
neural,thady
neural,whor
neural,"parcer,"
neural,"th,"
neural,ruggend
neural,noubtan
neural,it.
neural,pablund
neural,clountere
neural,"botand,"
neural,iraten
neural,sathe
neural,swe
neural,thall
neural,mose
neural,dappon
neural,beavey
neural,his
neural,lautill
neural,"send,"
neural,hationnock
neural,vold
neural,hand.
neural,fortalt
neural,wounarion
neural,ot
neural,"at,"
neural,soodeance
neural,inceaseuesect
neural,wery
neural,ack.
neural,impturiand
neural,blecret
neural,nuslace
neural,wastrook's
neural,lant
neural,scaut
neural,untit
neural,barnes
neural,rabore
neural,tal
neural,havente?
neural,loy.
neural,hatiodery
neural,eived
neural,siong
neural,toors
neural,camesce
neural,"con,"
neural,beyou
neural,ef
neural,thentrund.
neural,cin
neural,con:
neural,theraget
neural,compeartagese
neural,"for,"
neural,nithes
neural,of
neural,himse
neural,her
neural,andin
neural,wearkents
neural,ruped
neural,"coned,"
neural,reakers
neural,thout
neural,seved
neural,exed
neural,bround
neural,expreas
neural,lienve
neural,ation
neural,upor
neural,elich
neural,ustled
neural,ing
neural,ders
neural,whisele
neural,than
neural,trairshapse
neural,cleriour
neural,shic
neural,ile
neural,hemor
neural,stat
neural,dereemb.
neural,momed
neural,usuredicall
neural,she
neural,"rad,"
neural,ong
neural,ergoompserdencenibbia
neural,marce.
neural,nowen
neural,magiveld
neural,fordep
neural,owithough
neural,awn.
neural,dispary
neural,froseed
neural,vulligh
neural,vilentenzign
neural,clumbat
neural,f.
neural,axhaunveld
neural,antly
neural,valang
neural,islock;
neural,nown
neural,our
neural,thendealle
neural,froplive
neural,nowe
neural,bruncits
neural,thadreyouldre
neural,hicharthameall
neural,unbatteles
neural,dring
neural,list;
neural,apticuldic
neural,cayselunk
neural,"in,"
neural,theirs
neural,der.
neural,bessin
neural,nity
neural,whes
neural,noweit
neural,beir
neural,sould
neural,ove
neural,legirem
neural,ofor
neural,"lach,"
neural,me;
neural,thisitherthounierion
neural,uthe
neural,ind
neural,orper
neural,caughavin
neural,"sigaid,"
neural,thavelhorly
neural,thengto
neural,"smigh,"
neural,bour
neural,"merch,"
neural,thatilmom
neural,efor
neural,thany
neural,cientantifeaveri√®rew
neural,"sarypirpos,"
neural,ep;
neural,rionevervagreventer.
neural,thempart
neural,ourall
neural,ther:
neural,culd
neural,aginam;
neural,beil
neural,fixame
neural,cone.
neural,idedity
neural,behat
neural,ch
neural,esibleon
neural,thestlethishadn'power
neural,orm
neural,ingtha
neural,wassin
neural,withodge
neural,nor
neural,inumembehe
neural,ametily
neural,st
neural,"thavers,"
neural,"thor,"
neural,faource
neural,nit.
neural,emple
neural,heirrin
neural,immospapsened
neural,liffictrstand
neural,torroadneved
neural,comad
neural,"beng,"
neural,threll
neural,pranxame.
neural,"voy,"
neural,wer
neural,"aly,"
neural,romand
neural,thavermen
neural,ater
neural,with
neural,divere
neural,inusladim
neural,thaveng
neural,unmend
neural,altimse
neural,shadyinfiacany
neural,"eat,"
neural,heresse
neural,litur
neural,thead
neural,ifisly
neural,ullouscompirive
neural,aw
neural,linit
neural,thes
neural,threffer
neural,sten
neural,"nalloord,"
neural,prean
neural,migund
neural,sturnighad
neural,int
neural,ofte
neural,anixs
neural,instricuseuggend
neural,"billitill,"
neural,wher
neural,thenshe
neural,perawe
neural,"theacee."""
neural,yondesc
neural,socen
neural,torm
neural,athe
neural,isce
neural,ther
neural,"wall,"
neural,twe
neural,san
neural,ithe
neural,huestad
neural,caurientrion
neural,lowe
neural,anx.
neural,thingtho
neural,fromn
neural,prousuriver
neural,calank
neural,reas
neural,"bered,"
neural,ons.
neural,ifell
neural,nothe
neural,"laters,"
neural,ons
neural,"fevooks,"
neural,stakso
neural,laided
neural,ory
neural,tur
neural,"sed,"
neural,bege
neural,famnigh
neural,stion
neural,"wiln,"
neural,"an,"
neural,mook
neural,whorre
neural,arachme
neural,lud
neural,gre
neural,wassigh
neural,wourecenith
neural,wasse
neural,found.
neural,mke
neural,ourthe
neural,ave
neural,"to,"
neural,gler
neural,hal
neural,cou
neural,raut
neural,fein
neural,int's
neural,zheyzed
neural,noreplactiod
neural,drither
neural,caus
neural,umere.
neural,plut
neural,voying'
neural,underninuesh
neural,them
neural,"afte,"
neural,that
neural,iniferted
neural,pselle
neural,sed
neural,hic
neural,"buted,"
neural,beept.
neural,ou
neural,eved
neural,vicame;
neural,sumn.
neural,"wored,"
neural,trus
neural,corisheyuldn't
neural,"fice,"
neural,"le,"
neural,whis
neural,cips
neural,mundonry
neural,sof
neural,abit
neural,allse
neural,alnower
neural,gerver
neural,exceirsen
neural,"whor,"
neural,crat
neural,my
neural,"dirds,"
neural,uld
neural,wasion
neural,heas
neural,youllat
neural,"prand."""
neural,sumpz
neural,rell
neural,campal
neural,anoccy
neural,thearmids
neural,sasted
neural,pethe
neural,ents
neural,"antes,"
neural,hened
neural,"goncauseake,"
neural,ned
neural,excieflumile
neural,cond
neural,wastagenciatill
neural,cre
neural,attat
neural,feepton
neural,good.
neural,rea;
neural,"cre,"
neural,sawastruied
neural,shandly
neural,aniusand
neural,stith
neural,sciplabour
neural,tway
neural,mandeen
neural,bectifenallecom
neural,eme
neural,parknell
neural,"knoyes,"
neural,shel
neural,"and,"
neural,"calt,"
neural,sked
neural,granno
neural,we
neural,woonet
neural,"men,"
neural,"no,"
neural,highost;
neural,"grome,"
neural,ectun
neural,concere
neural,garcess
neural,this
neural,"mot,"
neural,ings
neural,featim
neural,frourn.
neural,thure
neural,"on,"
neural,wair
neural,"d,"
neural,ename
neural,pasteir
neural,and.
neural,joich
neural,theing
neural,"mornizen,"
neural,erign
neural,pathe
neural,for
neural,prown
neural,"pered,"
neural,uprea
neural,oncen
neural,whincess
neural,withessno
neural,thro
neural,praut
neural,rasking
neural,ader
neural,fors
neural,sesty
neural,nat
neural,friestiold
neural,anitheng
neural,athi.
neural,ter
neural,herl
neural,hateralwasty
neural,"parabsuil,"
neural,atimagin
neural,inut.
neural,consuchastain
neural,hopich
neural,moice.
neural,dwea
neural,ingewe
neural,"theme,"
neural,notten;
neural,dit.
neural,suna
neural,"flentran,"
neural,tunt
neural,"much,"
neural,evilif
neural,butly
neural,howle
neural,"bings,"
neural,on.
neural,clumpa
neural,"hancent,"
neural,frinus
neural,and
neural,"sus,"
neural,hanit
neural,explectand
neural,thave
neural,and;
neural,whisminelt
neural,"dea,"
neural,anks
neural,daymulde
neural,monceartivern
neural,rookinesseereving
neural,thar
neural,beerying
neural,gotionatemplike
neural,gatuaremp's
neural,intinge
neural,wast
neural,"sught,"
neural,oll
neural,plius.
neural,"es,"
neural,lowitented
neural,thed
neural,agre;
neural,uposom
neural,amsemy
neural,dealiespown
neural,conjou:
neural,"ted,"
neural,"cont,"
neural,borund
neural,ank
neural,yest
neural,therepery
neural,con.
neural,thativen
neural,"they,"
neural,nand
neural,ought
neural,goxy
neural,bech
neural,egionso
neural,theiral
neural,ishe
neural,"ande,"
neural,polace.
neural,signall;
neural,to
neural,wereatift
neural,stualls
neural,fir.
neural,resibled
neural,voicur
